Workbook

Sheet Preliminary Ranking
I1: Concept 1 | L1: Concept 2 | O1: Concept 3 | R1: Concept 4 | U1: Concept 5 | X1: Concept 6 | AA1: Concept 7 | AD1: Concept 8 | AG1: Concept 9 | AJ1: Concept 10 | AM1: Concept 11 | AP1: Concept 12 | AS1: Concept 13 | AV1: Concept 14 | AY1: Concept 15 | BB1: Concept 16 | BE1: Concept 17 | BH1: Concept 18 | BK1: Concept 19 | BN1: Concept 20 | BQ1: Concept 21 | BT1: Concept 22
I2: Less Bright LED | L2: Extra Lighting | O2: ND/Polarization Filter | R2: Diffusion Filter in Front of LED | U2: Different LED Angle | X2: Ring Light Around Sensor Frame | AA2: Internal Ribs to Break Scatter Light | AD2: Black Coating on Internals | AG2: Block Everything Outside FOV | AJ2: Periscope-style Enclosed Light Path | AM2: Limit LED Beam Width | AP2: New Barcode Scanner | AS2: Different Positioning Scan Engine | AV2: IR Lighting + Sensor | AY2: Matte Mirror | BB2: First-surface Mirror | BE2: Different Mirror Position | BH2: Curved Mirror | BK2: Direct Line of Sight with Barcode | BN2: Matte Sensor Frame | BQ2: Dirt/Glare Detection | BT2: Machine Vision Barcode Comparison
B4: No. | C4: Element | D4: Rationale | F4: Scoring | G4: Weight | I4: Score | J4: Value | L4: Score | M4: Value | O4: Score | P4: Value | R4: Score | S4: Value | U4: Score | V4: Value | X4: Score | Y4: Value | AA4: Score | AB4: Value | AD4: Score | AE4: Value | AG4: Score | AH4: Value | AJ4: Score | AK4: Value | AM4: Score | AN4: Value | AP4: Score | AQ4: Value | AS4: Score | AT4: Value | AV4: Score | AW4: Value | AY4: Score | AZ4: Value | BB4: Score | BC4: Value | BE4: Score | BF4: Value | BH4: Score | BI4: Value | BK4: Score | BL4: Value | BN4: Score | BO4: Value | BQ4: Score | BR4: Value | BT4: Score | BU4: Value
B5: 1 | C5: Reading Performance | D5: Core objective; directly measures success of the redesign | E5: 1 | F5: No measurable improvement or worse than baseline | G5: 0.3 | I5: 3 | J5: =I5*$G$5 -> 0.9 | L5: 5 | M5: =L5*$G$5 -> 1.5 | O5: 3 | P5: =O5*$G$5 -> 0.9 | R5: 4 | S5: =R5*$G$5 -> 1.2 | U5: 4 | V5: =U5*$G$5 -> 1.2 | X5: 3 | Y5: =X5*$G$5 -> 0.9 | AA5: 4 | AB5: =AA5*$G$5 -> 1.2 | AD5: 4 | AE5: =AD5*$G$5 -> 1.2 | AG5: 4 | AH5: =AG5*$G$5 -> 1.2 | AJ5: 2 | AK5: =AJ5*$G$5 -> 0.6 | AM5: 3 | AN5: =AM5*$G$5 -> 0.9 | AP5: 5 | AQ5: =AP5*$G$5 -> 1.5 | AS5: 4 | AT5: =AS5*$G$5 -> 1.2 | AV5: 4 | AW5: =AV5*$G$5 -> 1.2 | AY5: 3 | AZ5: =AY5*$G$5 -> 0.9 | BB5: 2 | BC5: =BB5*$G$5 -> 0.6 | BE5: 3 | BF5: =BE5*$G$5 -> 0.9 | BH5: 2 | BI5: =BH5*$G$5 -> 0.6 | BK5: 5 | BL5: =BK5*$G$5 -> 1.5 | BN5: 3 | BO5: =BN5*$G$5 -> 0.9 | BQ5: 2 | BR5: =BQ5*$G$5 -> 0.6 | BT5: 4 | BU5: =BT5*$G$5 -> 1.2
E6: 2 | F6: Minor improvement (<10% increase in successful reads)
E7: 3 | F7: Moderate improvement (≈10–20%)
E8: 4 | F8: Significant improvement (≈21–30%)
E9: 5 | F9: Major improvement (>30%) or near-elimination of read failures
B10: 2 | C10: System Robustness | D10: Prevents performance degradation in real-world conditions (dust, misalignment, pouch variability) | E10: 1 | F10: >30% drop in read rate under any single test condition | G10: 0.25 | I10: 2 | J10: =I10*$G$10 -> 0.5 | L10: 4 | M10: =L10*$G$10 -> 1 | O10: 2 | P10: =O10*$G$10 -> 0.5 | R10: 3 | S10: =R10*$G$10 -> 0.75 | U10: 4 | V10: =U10*$G$10 -> 1 | X10: 4 | Y10: =X10*$G$10 -> 1 | AA10: 4 | AB10: =AA10*$G$10 -> 1 | AD10: 4 | AE10: =AD10*$G$10 -> 1 | AG10: 5 | AH10: =AG10*$G$10 -> 1.25 | AJ10: 5 | AK10: =AJ10*$G$10 -> 1.25 | AM10: 4 | AN10: =AM10*$G$10 -> 1 | AP10: 4 | AQ10: =AP10*$G$10 -> 1 | AS10: 5 | AT10: =AS10*$G$10 -> 1.25 | AV10: 5 | AW10: =AV10*$G$10 -> 1.25 | AY10: 5 | AZ10: =AY10*$G$10 -> 1.25 | BB10: 4 | BC10: =BB10*$G$10 -> 1 | BE10: 5 | BF10: =BE10*$G$10 -> 1.25 | BH10: 5 | BI10: =BH10*$G$10 -> 1.25 | BK10: 5 | BL10: =BK10*$G$10 -> 1.25 | BN10: 4 | BO10: =BN10*$G$10 -> 1 | BQ10: 3 | BR10: =BQ10*$G$10 -> 0.75 | BT10: 4 | BU10: =BT10*$G$10 -> 1
E11: 2 | F11: 15–30% drop in read rate under one or more conditions
E12: 3 | F12: 5–15% drop; noticeable degradation but still functional
E13: 4 | F13: <5% drop across all conditions; stable performance
E14: 5 | F14: <2% drop AND no systematic failures in any condition
B15: 3 | C15: Integration Complexity | D15: High impact on feasibility and engineering effort; can block adoption | E15: 1 | F15: Major redesign (PCB + housing + architecture changes) | G15: 0.15 | I15: 4 | J15: =I15*$G$15 -> 0.6 | L15: 2 | M15: =L15*$G$15 -> 0.3 | O15: 5 | P15: =O15*$G$15 -> 0.75 | R15: 5 | S15: =R15*$G$15 -> 0.75 | U15: 4 | V15: =U15*$G$15 -> 0.6 | X15: 3 | Y15: =X15*$G$15 -> 0.45 | AA15: 3 | AB15: =AA15*$G$15 -> 0.45 | AD15: 3 | AE15: =AD15*$G$15 -> 0.45 | AG15: 3 | AH15: =AG15*$G$15 -> 0.45 | AJ15: 3 | AK15: =AJ15*$G$15 -> 0.45 | AM15: 5 | AN15: =AM15*$G$15 -> 0.75 | AP15: 1 | AQ15: =AP15*$G$15 -> 0.15 | AS15: 3 | AT15: =AS15*$G$15 -> 0.45 | AV15: 1 | AW15: =AV15*$G$15 -> 0.15 | AY15: 4 | AZ15: =AY15*$G$15 -> 0.6 | BB15: 4 | BC15: =BB15*$G$15 -> 0.6 | BE15: 2 | BF15: =BE15*$G$15 -> 0.3 | BH15: 2 | BI15: =BH15*$G$15 -> 0.3 | BK15: 1 | BL15: =BK15*$G$15 -> 0.15 | BN15: 3 | BO15: =BN15*$G$15 -> 0.45 | BQ15: 5 | BR15: =BQ15*$G$15 -> 0.75 | BT15: 3 | BU15: =BT15*$G$15 -> 0.45
E16: 2 | F16: Significant redesign (multiple subsystems affected)
E17: 3 | F17: Moderate changes (mechanical or electrical, not both heavily)
E18: 4 | F18: Minor changes (localized adjustments, no architecture impact)
E19: 5 | F19: Plug-and-play or near drop-in replacement
B20: 4 | C20: Remanufacturing Effort | D20: Important for scaling and retrofitting installed base | E20: 1 | F20: Not feasible to retrofit or requires full disassembly + specialized tooling | G20: 0.1 | I20: 5 | J20: =I20*$G$20 -> 0.5 | L20: 3 | M20: =L20*$G$20 -> 0.3 | O20: 5 | P20: =O20*$G$20 -> 0.5 | R20: 5 | S20: =R20*$G$20 -> 0.5 | U20: 5 | V20: =U20*$G$20 -> 0.5 | X20: 3 | Y20: =X20*$G$20 -> 0.3 | AA20: 4 | AB20: =AA20*$G$20 -> 0.4 | AD20: 3 | AE20: =AD20*$G$20 -> 0.3 | AG20: 2 | AH20: =AG20*$G$20 -> 0.2 | AJ20: 3 | AK20: =AJ20*$G$20 -> 0.3 | AM20: 5 | AN20: =AM20*$G$20 -> 0.5 | AP20: 2 | AQ20: =AP20*$G$20 -> 0.2 | AS20: 3 | AT20: =AS20*$G$20 -> 0.3 | AV20: 2 | AW20: =AV20*$G$20 -> 0.2 | AY20: 2 | AZ20: =AY20*$G$20 -> 0.2 | BB20: 2 | BC20: =BB20*$G$20 -> 0.2 | BE20: 3 | BF20: =BE20*$G$20 -> 0.3 | BH20: 3 | BI20: =BH20*$G$20 -> 0.3 | BK20: 1 | BL20: =BK20*$G$20 -> 0.1 | BN20: 2 | BO20: =BN20*$G$20 -> 0.2 | BQ20: 4 | BR20: =BQ20*$G$20 -> 0.4 | BT20: 4 | BU20: =BT20*$G$20 -> 0.4
E21: 2 | F21: Complex retrofit; time-consuming and tool-intensive
E22: 3 | F22: Moderate effort; standard tools, partial disassembly required (10-15 min per unit)
E23: 4 | F23: Low effort; quick modification or module swap (5-10 min per unit)
E24: 5 | F24: Very low effort; simple, fast retrofit (<5 min per unit)
B25: 5 | C25: Maintenance Demand | D25: Drives operational cost and service burden over lifecycle | E25: 1 | F25: High maintenance; frequent cleaning/intervention required | G25: 0.1 | I25: 5 | J25: =I25*$G$25 -> 0.5 | L25: 4 | M25: =L25*$G$25 -> 0.4 | O25: 5 | P25: =O25*$G$25 -> 0.5 | R25: 5 | S25: =R25*$G$25 -> 0.5 | U25: 5 | V25: =U25*$G$25 -> 0.5 | X25: 3 | Y25: =X25*$G$25 -> 0.3 | AA25: 5 | AB25: =AA25*$G$25 -> 0.5 | AD25: 5 | AE25: =AD25*$G$25 -> 0.5 | AG25: 5 | AH25: =AG25*$G$25 -> 0.5 | AJ25: 5 | AK25: =AJ25*$G$25 -> 0.5 | AM25: 5 | AN25: =AM25*$G$25 -> 0.5 | AP25: 5 | AQ25: =AP25*$G$25 -> 0.5 | AS25: 5 | AT25: =AS25*$G$25 -> 0.5 | AV25: 4 | AW25: =AV25*$G$25 -> 0.4 | AY25: 5 | AZ25: =AY25*$G$25 -> 0.5 | BB25: 5 | BC25: =BB25*$G$25 -> 0.5 | BE25: 5 | BF25: =BE25*$G$25 -> 0.5 | BH25: 5 | BI25: =BH25*$G$25 -> 0.5 | BK25: 5 | BL25: =BK25*$G$25 -> 0.5 | BN25: 5 | BO25: =BN25*$G$25 -> 0.5 | BQ25: 5 | BR25: =BQ25*$G$25 -> 0.5 | BT25: 5 | BU25: =BT25*$G$25 -> 0.5
E26: 2 | F26: Regular maintenance needed to maintain performance
E27: 3 | F27: Occasional maintenance required
E28: 4 | F28: Low maintenance; infrequent intervention
E29: 5 | F29: Minimal to no maintenance required over normal lifecycle (normal return cycle)
B30: 6 | C30: Production Cost | D30: Relevant but secondary to reliability in this context | E30: 1 | F30: Significant cost increase (>20% BOM increase) | G30: 0.07 | I30: 4 | J30: =I30*$G$30 -> 0.28 | L30: 3 | M30: =L30*$G$30 -> 0.21 | O30: 4 | P30: =O30*$G$30 -> 0.28 | R30: 4 | S30: =R30*$G$30 -> 0.28 | U30: 3 | V30: =U30*$G$30 -> 0.21 | X30: 3 | Y30: =X30*$G$30 -> 0.21 | AA30: 4 | AB30: =AA30*$G$30 -> 0.28 | AD30: 4 | AE30: =AD30*$G$30 -> 0.28 | AG30: 3 | AH30: =AG30*$G$30 -> 0.21 | AJ30: 4 | AK30: =AJ30*$G$30 -> 0.28 | AM30: 4 | AN30: =AM30*$G$30 -> 0.28 | AP30: 1 | AQ30: =AP30*$G$30 -> 0.07 | AS30: 3 | AT30: =AS30*$G$30 -> 0.21 | AV30: 2 | AW30: =AV30*$G$30 -> 0.14 | AY30: 4 | AZ30: =AY30*$G$30 -> 0.28 | BB30: 4 | BC30: =BB30*$G$30 -> 0.28 | BE30: 2 | BF30: =BE30*$G$30 -> 0.14 | BH30: 2 | BI30: =BH30*$G$30 -> 0.14 | BK30: 1 | BL30: =BK30*$G$30 -> 0.07 | BN30: 3 | BO30: =BN30*$G$30 -> 0.21 | BQ30: 4 | BR30: =BQ30*$G$30 -> 0.28 | BT30: 4 | BU30: =BT30*$G$30 -> 0.28
E31: 2 | F31: Moderate cost increase (≈10–20%)
E32: 3 | F32: Slight cost increase (≈5–10%)
E33: 4 | F33: Cost-neutral or negligible increase (<5%)
E34: 5 | F34: Cost reduction compared to current design
B35: 7 | C35: Material Impact | D35: Low priority unless sustainability is explicitly targeted | E35: 1 | F35: Significant increase in material use and/or use of complex/non-recyclable materials | G35: 0.03 | I35: 3 | J35: =I35*$G$35 -> 0.09 | L35: 1 | M35: =L35*$G$35 -> 0.03 | O35: 2 | P35: =O35*$G$35 -> 0.06 | R35: 2 | S35: =R35*$G$35 -> 0.06 | U35: 2 | V35: =U35*$G$35 -> 0.06 | X35: 1 | Y35: =X35*$G$35 -> 0.03 | AA35: 2 | AB35: =AA35*$G$35 -> 0.06 | AD35: 3 | AE35: =AD35*$G$35 -> 0.09 | AG35: 2 | AH35: =AG35*$G$35 -> 0.06 | AJ35: 2 | AK35: =AJ35*$G$35 -> 0.06 | AM35: 3 | AN35: =AM35*$G$35 -> 0.09 | AP35: 1 | AQ35: =AP35*$G$35 -> 0.03 | AS35: 3 | AT35: =AS35*$G$35 -> 0.09 | AV35: 1 | AW35: =AV35*$G$35 -> 0.03 | AY35: 2 | AZ35: =AY35*$G$35 -> 0.06 | BB35: 2 | BC35: =BB35*$G$35 -> 0.06 | BE35: 3 | BF35: =BE35*$G$35 -> 0.09 | BH35: 3 | BI35: =BH35*$G$35 -> 0.09 | BK35: 2 | BL35: =BK35*$G$35 -> 0.06 | BN35: 2 | BO35: =BN35*$G$35 -> 0.06 | BQ35: 3 | BR35: =BQ35*$G$35 -> 0.09 | BT35: 3 | BU35: =BT35*$G$35 -> 0.09
E36: 2 | F36: Moderate increase in material use or less favorable material types
E37: 3 | F37: Neutral impact (similar material use and types)
E38: 4 | F38: Reduced material use or improved material selection
E39: 5 | F39: Significant reduction in material use and/or clearly more sustainable materials
J40: =IFERROR(SUM(J5:J39)/(IF(I5<>0,5*$G$5)+IF(I10<>0,5*$G$10)+IF(I15<>0,5*$G$15)+IF(I20<>0,5*$G$20)+IF(I25<>0,5*$G$25)+IF(I30<>0,5*$G$30)+IF(I35<>0,5*$G$35))*10,0) -> 6.74 | M40: =IFERROR(SUM(M5:M39)/(IF(L5<>0,5*$G$5)+IF(L10<>0,5*$G$10)+IF(L15<>0,5*$G$15)+IF(L20<>0,5*$G$20)+IF(L25<>0,5*$G$25)+IF(L30<>0,5*$G$30)+IF(L35<>0,5*$G$35))*10,0) -> 7.48 | P40: =IFERROR(SUM(P5:P39)/(IF(O5<>0,5*$G$5)+IF(O10<>0,5*$G$10)+IF(O15<>0,5*$G$15)+IF(O20<>0,5*$G$20)+IF(O25<>0,5*$G$25)+IF(O30<>0,5*$G$30)+IF(O35<>0,5*$G$35))*10,0) -> 6.98 | S40: =IFERROR(SUM(S5:S39)/(IF(R5<>0,5*$G$5)+IF(R10<>0,5*$G$10)+IF(R15<>0,5*$G$15)+IF(R20<>0,5*$G$20)+IF(R25<>0,5*$G$25)+IF(R30<>0,5*$G$30)+IF(R35<>0,5*$G$35))*10,0) -> 8.08 | V40: =IFERROR(SUM(V5:V39)/(IF(U5<>0,5*$G$5)+IF(U10<>0,5*$G$10)+IF(U15<>0,5*$G$15)+IF(U20<>0,5*$G$20)+IF(U25<>0,5*$G$25)+IF(U30<>0,5*$G$30)+IF(U35<>0,5*$G$35))*10,0) -> 8.14 | Y40: =IFERROR(SUM(Y5:Y39)/(IF(X5<>0,5*$G$5)+IF(X10<>0,5*$G$10)+IF(X15<>0,5*$G$15)+IF(X20<>0,5*$G$20)+IF(X25<>0,5*$G$25)+IF(X30<>0,5*$G$30)+IF(X35<>0,5*$G$35))*10,0) -> 6.38 | AB40: =IFERROR(SUM(AB5:AB39)/(IF(AA5<>0,5*$G$5)+IF(AA10<>0,5*$G$10)+IF(AA15<>0,5*$G$15)+IF(AA20<>0,5*$G$20)+IF(AA25<>0,5*$G$25)+IF(AA30<>0,5*$G$30)+IF(AA35<>0,5*$G$35))*10,0) -> 7.78 | AE40: =IFERROR(SUM(AE5:AE39)/(IF(AD5<>0,5*$G$5)+IF(AD10<>0,5*$G$10)+IF(AD15<>0,5*$G$15)+IF(AD20<>0,5*$G$20)+IF(AD25<>0,5*$G$25)+IF(AD30<>0,5*$G$30)+IF(AD35<>0,5*$G$35))*10,0) -> 7.64 | AH40: =IFERROR(SUM(AH5:AH39)/(IF(AG5<>0,5*$G$5)+IF(AG10<>0,5*$G$10)+IF(AG15<>0,5*$G$15)+IF(AG20<>0,5*$G$20)+IF(AG25<>0,5*$G$25)+IF(AG30<>0,5*$G$30)+IF(AG35<>0,5*$G$35))*10,0) -> 7.74 | AK40: =IFERROR(SUM(AK5:AK39)/(IF(AJ5<>0,5*$G$5)+IF(AJ10<>0,5*$G$10)+IF(AJ15<>0,5*$G$15)+IF(AJ20<>0,5*$G$20)+IF(AJ25<>0,5*$G$25)+IF(AJ30<>0,5*$G$30)+IF(AJ35<>0,5*$G$35))*10,0) -> 6.88 | AN40: =IFERROR(SUM(AN5:AN39)/(IF(AM5<>0,5*$G$5)+IF(AM10<>0,5*$G$10)+IF(AM15<>0,5*$G$15)+IF(AM20<>0,5*$G$20)+IF(AM25<>0,5*$G$25)+IF(AM30<>0,5*$G$30)+IF(AM35<>0,5*$G$35))*10,0) -> 8.04 | AQ40: =IFERROR(SUM(AQ5:AQ39)/(IF(AP5<>0,5*$G$5)+IF(AP10<>0,5*$G$10)+IF(AP15<>0,5*$G$15)+IF(AP20<>0,5*$G$20)+IF(AP25<>0,5*$G$25)+IF(AP30<>0,5*$G$30)+IF(AP35<>0,5*$G$35))*10,0) -> 6.9 | AT40: =IFERROR(SUM(AT5:AT39)/(IF(AS5<>0,5*$G$5)+IF(AS10<>0,5*$G$10)+IF(AS15<>0,5*$G$15)+IF(AS20<>0,5*$G$20)+IF(AS25<>0,5*$G$25)+IF(AS30<>0,5*$G$30)+IF(AS35<>0,5*$G$35))*10,0) -> 8 | AW40: =IFERROR(SUM(AW5:AW39)/(IF(AV5<>0,5*$G$5)+IF(AV10<>0,5*$G$10)+IF(AV15<>0,5*$G$15)+IF(AV20<>0,5*$G$20)+IF(AV25<>0,5*$G$25)+IF(AV30<>0,5*$G$30)+IF(AV35<>0,5*$G$35))*10,0) -> 6.74 | AZ40: =IFERROR(SUM(AZ5:AZ39)/(IF(AY5<>0,5*$G$5)+IF(AY10<>0,5*$G$10)+IF(AY15<>0,5*$G$15)+IF(AY20<>0,5*$G$20)+IF(AY25<>0,5*$G$25)+IF(AY30<>0,5*$G$30)+IF(AY35<>0,5*$G$35))*10,0) -> 7.58 | BC40: =IFERROR(SUM(BC5:BC39)/(IF(BB5<>0,5*$G$5)+IF(BB10<>0,5*$G$10)+IF(BB15<>0,5*$G$15)+IF(BB20<>0,5*$G$20)+IF(BB25<>0,5*$G$25)+IF(BB30<>0,5*$G$30)+IF(BB35<>0,5*$G$35))*10,0) -> 6.48 | BF40: =IFERROR(SUM(BF5:BF39)/(IF(BE5<>0,5*$G$5)+IF(BE10<>0,5*$G$10)+IF(BE15<>0,5*$G$15)+IF(BE20<>0,5*$G$20)+IF(BE25<>0,5*$G$25)+IF(BE30<>0,5*$G$30)+IF(BE35<>0,5*$G$35))*10,0) -> 6.96 | BI40: =IFERROR(SUM(BI5:BI39)/(IF(BH5<>0,5*$G$5)+IF(BH10<>0,5*$G$10)+IF(BH15<>0,5*$G$15)+IF(BH20<>0,5*$G$20)+IF(BH25<>0,5*$G$25)+IF(BH30<>0,5*$G$30)+IF(BH35<>0,5*$G$35))*10,0) -> 6.36 | BL40: =IFERROR(SUM(BL5:BL39)/(IF(BK5<>0,5*$G$5)+IF(BK10<>0,5*$G$10)+IF(BK15<>0,5*$G$15)+IF(BK20<>0,5*$G$20)+IF(BK25<>0,5*$G$25)+IF(BK30<>0,5*$G$30)+IF(BK35<>0,5*$G$35))*10,0) -> 7.26 | BO40: =IFERROR(SUM(BO5:BO39)/(IF(BN5<>0,5*$G$5)+IF(BN10<>0,5*$G$10)+IF(BN15<>0,5*$G$15)+IF(BN20<>0,5*$G$20)+IF(BN25<>0,5*$G$25)+IF(BN30<>0,5*$G$30)+IF(BN35<>0,5*$G$35))*10,0) -> 6.64 | BR40: =IFERROR(SUM(BR5:BR39)/(IF(BQ5<>0,5*$G$5)+IF(BQ10<>0,5*$G$10)+IF(BQ15<>0,5*$G$15)+IF(BQ20<>0,5*$G$20)+IF(BQ25<>0,5*$G$25)+IF(BQ30<>0,5*$G$30)+IF(BQ35<>0,5*$G$35))*10,0) -> 6.74 | BU40: =IFERROR(SUM(BU5:BU39)/(IF(BT5<>0,5*$G$5)+IF(BT10<>0,5*$G$10)+IF(BT15<>0,5*$G$15)+IF(BT20<>0,5*$G$20)+IF(BT25<>0,5*$G$25)+IF(BT30<>0,5*$G$30)+IF(BT35<>0,5*$G$35))*10,0) -> 7.84

Sheet Overview Preliminary Ranking
A1: Concepts | F1: Ranked Concepts
A2: Number | B2: Title | C2: Score | D2: Normalized Score | F2: Number | G2: Title | H2: Score
A3: ='Preliminary Ranking'!I$1 -> Concept 1 | B3: ='Preliminary Ranking'!I$2 -> Less Bright LED | C3: ='Preliminary Ranking'!J$40 -> 6.74 | D3: =MAX(0, MIN(10, 10 * (C3 - MIN($C$3:$C$24)) / (MAX($C$3:$C$24) - MIN($C$3:$C$24)))) -> 2.1348315 | F3: {=_xlfn.SORTBY(A3:A24, D3:D24, -1)} -> Concept 5 | G3: {=_xlfn.SORTBY(B3:B24, D3:D24, -1)} -> Different LED Angle | H3: {=_xlfn.SORTBY(D3:D24, D3:D24, -1)} -> 10
A4: ='Preliminary Ranking'!L$1 -> Concept 2 | B4: ='Preliminary Ranking'!L$2 -> Extra Lighting | C4: ='Preliminary Ranking'!M$40 -> 7.48 | D4: =MAX(0, MIN(10, 10 * (C4 - MIN($C$3:$C$24)) / (MAX($C$3:$C$24) - MIN($C$3:$C$24)))) -> 6.2921348 | F4: Concept 4 | G4: Diffusion Filter in Front of LED | H4: 9.6629213
A5: ='Preliminary Ranking'!O$1 -> Concept 3 | B5: ='Preliminary Ranking'!O$2 -> ND/Polarization Filter | C5: ='Preliminary Ranking'!P$40 -> 6.98 | D5: =MAX(0, MIN(10, 10 * (C5 - MIN($C$3:$C$24)) / (MAX($C$3:$C$24) - MIN($C$3:$C$24)))) -> 3.4831461 | F5: Concept 11 | G5: Limit LED Beam Width | H5: 9.4382022
A6: ='Preliminary Ranking'!R$1 -> Concept 4 | B6: ='Preliminary Ranking'!R$2 -> Diffusion Filter in Front of LED | C6: ='Preliminary Ranking'!S$40 -> 8.08 | D6: =MAX(0, MIN(10, 10 * (C6 - MIN($C$3:$C$24)) / (MAX($C$3:$C$24) - MIN($C$3:$C$24)))) -> 9.6629213 | F6: Concept 13 | G6: Different Positioning Scan Engine | H6: 9.2134831
A7: ='Preliminary Ranking'!U$1 -> Concept 5 | B7: ='Preliminary Ranking'!U$2 -> Different LED Angle | C7: ='Preliminary Ranking'!V$40 -> 8.14 | D7: =MAX(0, MIN(10, 10 * (C7 - MIN($C$3:$C$24)) / (MAX($C$3:$C$24) - MIN($C$3:$C$24)))) -> 10 | F7: Concept 22 | G7: Machine Vision Barcode Comparison | H7: 8.3146067
A8: ='Preliminary Ranking'!X$1 -> Concept 6 | B8: ='Preliminary Ranking'!X$2 -> Ring Light Around Sensor Frame | C8: ='Preliminary Ranking'!Y$40 -> 6.38 | D8: =MAX(0, MIN(10, 10 * (C8 - MIN($C$3:$C$24)) / (MAX($C$3:$C$24) - MIN($C$3:$C$24)))) -> 0.11235955 | F8: Concept 7 | G8: Internal Ribs to Break Scatter Light | H8: 7.9775281
A9: ='Preliminary Ranking'!AA$1 -> Concept 7 | B9: ='Preliminary Ranking'!AA$2 -> Internal Ribs to Break Scatter Light | C9: ='Preliminary Ranking'!AB$40 -> 7.78 | D9: =MAX(0, MIN(10, 10 * (C9 - MIN($C$3:$C$24)) / (MAX($C$3:$C$24) - MIN($C$3:$C$24)))) -> 7.9775281 | F9: Concept 9 | G9: Block Everything Outside FOV | H9: 7.752809
A10: ='Preliminary Ranking'!AD$1 -> Concept 8 | B10: ='Preliminary Ranking'!AD$2 -> Black Coating on Internals | C10: ='Preliminary Ranking'!AE$40 -> 7.64 | D10: =MAX(0, MIN(10, 10 * (C10 - MIN($C$3:$C$24)) / (MAX($C$3:$C$24) - MIN($C$3:$C$24)))) -> 7.1910112 | F10: Concept 8 | G10: Black Coating on Internals | H10: 7.1910112
A11: ='Preliminary Ranking'!AG$1 -> Concept 9 | B11: ='Preliminary Ranking'!AG$2 -> Block Everything Outside FOV | C11: ='Preliminary Ranking'!AH$40 -> 7.74 | D11: =MAX(0, MIN(10, 10 * (C11 - MIN($C$3:$C$24)) / (MAX($C$3:$C$24) - MIN($C$3:$C$24)))) -> 7.752809 | F11: Concept 15 | G11: Matte Mirror | H11: 6.8539326
A12: ='Preliminary Ranking'!AJ$1 -> Concept 10 | B12: ='Preliminary Ranking'!AJ$2 -> Periscope-style Enclosed Light Path | C12: ='Preliminary Ranking'!AK$40 -> 6.88 | D12: =MAX(0, MIN(10, 10 * (C12 - MIN($C$3:$C$24)) / (MAX($C$3:$C$24) - MIN($C$3:$C$24)))) -> 2.9213483 | F12: Concept 2 | G12: Extra Lighting | H12: 6.2921348
A13: ='Preliminary Ranking'!AM$1 -> Concept 11 | B13: ='Preliminary Ranking'!AM$2 -> Limit LED Beam Width | C13: ='Preliminary Ranking'!AN$40 -> 8.04 | D13: =MAX(0, MIN(10, 10 * (C13 - MIN($C$3:$C$24)) / (MAX($C$3:$C$24) - MIN($C$3:$C$24)))) -> 9.4382022 | F13: Concept 19 | G13: Direct Line of Sight with Barcode | H13: 5.0561798
A14: ='Preliminary Ranking'!AP$1 -> Concept 12 | B14: ='Preliminary Ranking'!AP$2 -> New Barcode Scanner | C14: ='Preliminary Ranking'!AQ$40 -> 6.9 | D14: =MAX(0, MIN(10, 10 * (C14 - MIN($C$3:$C$24)) / (MAX($C$3:$C$24) - MIN($C$3:$C$24)))) -> 3.0337079 | F14: Concept 3 | G14: ND/Polarization Filter | H14: 3.4831461
A15: ='Preliminary Ranking'!AS$1 -> Concept 13 | B15: ='Preliminary Ranking'!AS$2 -> Different Positioning Scan Engine | C15: ='Preliminary Ranking'!AT$40 -> 8 | D15: =MAX(0, MIN(10, 10 * (C15 - MIN($C$3:$C$24)) / (MAX($C$3:$C$24) - MIN($C$3:$C$24)))) -> 9.2134831 | F15: Concept 17 | G15: Different Mirror Position | H15: 3.3707865
A16: ='Preliminary Ranking'!AV$1 -> Concept 14 | B16: ='Preliminary Ranking'!AV$2 -> IR Lighting + Sensor | C16: ='Preliminary Ranking'!AW$40 -> 6.74 | D16: =MAX(0, MIN(10, 10 * (C16 - MIN($C$3:$C$24)) / (MAX($C$3:$C$24) - MIN($C$3:$C$24)))) -> 2.1348315 | F16: Concept 12 | G16: New Barcode Scanner | H16: 3.0337079
A17: ='Preliminary Ranking'!AY$1 -> Concept 15 | B17: ='Preliminary Ranking'!AY$2 -> Matte Mirror | C17: ='Preliminary Ranking'!AZ$40 -> 7.58 | D17: =MAX(0, MIN(10, 10 * (C17 - MIN($C$3:$C$24)) / (MAX($C$3:$C$24) - MIN($C$3:$C$24)))) -> 6.8539326 | F17: Concept 10 | G17: Periscope-style Enclosed Light Path | H17: 2.9213483
A18: ='Preliminary Ranking'!BB$1 -> Concept 16 | B18: ='Preliminary Ranking'!BB$2 -> First-surface Mirror | C18: ='Preliminary Ranking'!BC$40 -> 6.48 | D18: =MAX(0, MIN(10, 10 * (C18 - MIN($C$3:$C$24)) / (MAX($C$3:$C$24) - MIN($C$3:$C$24)))) -> 0.6741573 | F18: Concept 1 | G18: Less Bright LED | H18: 2.1348315
A19: ='Preliminary Ranking'!BE$1 -> Concept 17 | B19: ='Preliminary Ranking'!BE$2 -> Different Mirror Position | C19: ='Preliminary Ranking'!BF$40 -> 6.96 | D19: =MAX(0, MIN(10, 10 * (C19 - MIN($C$3:$C$24)) / (MAX($C$3:$C$24) - MIN($C$3:$C$24)))) -> 3.3707865 | F19: Concept 14 | G19: IR Lighting + Sensor | H19: 2.1348315
A20: ='Preliminary Ranking'!BH$1 -> Concept 18 | B20: ='Preliminary Ranking'!BH$2 -> Curved Mirror | C20: ='Preliminary Ranking'!BI$40 -> 6.36 | D20: =MAX(0, MIN(10, 10 * (C20 - MIN($C$3:$C$24)) / (MAX($C$3:$C$24) - MIN($C$3:$C$24)))) -> 0 | F20: Concept 21 | G20: Dirt/Glare Detection | H20: 2.1348315
A21: ='Preliminary Ranking'!BK$1 -> Concept 19 | B21: ='Preliminary Ranking'!BK$2 -> Direct Line of Sight with Barcode | C21: ='Preliminary Ranking'!BL$40 -> 7.26 | D21: =MAX(0, MIN(10, 10 * (C21 - MIN($C$3:$C$24)) / (MAX($C$3:$C$24) - MIN($C$3:$C$24)))) -> 5.0561798 | F21: Concept 20 | G21: Matte Sensor Frame | H21: 1.5730337
A22: ='Preliminary Ranking'!BN$1 -> Concept 20 | B22: ='Preliminary Ranking'!BN$2 -> Matte Sensor Frame | C22: ='Preliminary Ranking'!BO$40 -> 6.64 | D22: =MAX(0, MIN(10, 10 * (C22 - MIN($C$3:$C$24)) / (MAX($C$3:$C$24) - MIN($C$3:$C$24)))) -> 1.5730337 | F22: Concept 16 | G22: First-surface Mirror | H22: 0.6741573
A23: ='Preliminary Ranking'!BQ$1 -> Concept 21 | B23: ='Preliminary Ranking'!BQ$2 -> Dirt/Glare Detection | C23: ='Preliminary Ranking'!BR$40 -> 6.74 | D23: =MAX(0, MIN(10, 10 * (C23 - MIN($C$3:$C$24)) / (MAX($C$3:$C$24) - MIN($C$3:$C$24)))) -> 2.1348315 | F23: Concept 6 | G23: Ring Light Around Sensor Frame | H23: 0.11235955
A24: ='Preliminary Ranking'!BT$1 -> Concept 22 | B24: ='Preliminary Ranking'!BT$2 -> Machine Vision Barcode Comparison | C24: ='Preliminary Ranking'!BU$40 -> 7.84 | D24: =MAX(0, MIN(10, 10 * (C24 - MIN($C$3:$C$24)) / (MAX($C$3:$C$24) - MIN($C$3:$C$24)))) -> 8.3146067 | F24: Concept 18 | G24: Curved Mirror | H24: 0
